created_at,count,neg,pos
2009-05-04,1,0.0,1.0
2009-05-05,1,0.0,1.0
2009-05-08,2,2.0,0.0
2009-05-12,2,0.0,2.0
2009-05-13,1,0.0,1.0
2009-05-14,1,0.0,1.0
2009-05-15,1,1.0,0.0
2009-05-16,1,0.0,1.0
2009-05-17,1,0.0,1.0
2009-05-18,1,0.0,1.0
2009-05-19,1,0.0,1.0
2009-05-20,2,0.0,2.0
2009-05-22,2,2.0,0.0
2009-05-23,1,0.0,1.0
2009-05-26,1,0.0,1.0
2009-05-27,1,0.0,1.0
2009-05-28,1,0.0,1.0
2009-06-03,1,1.0,0.0
2009-06-05,1,1.0,0.0
2009-06-08,1,1.0,0.0
2009-06-14,1,1.0,0.0
2009-06-15,1,0.0,1.0
2009-06-18,1,1.0,0.0
2009-06-21,1,0.0,1.0
2009-06-23,1,0.0,1.0
2009-06-24,1,0.0,1.0
2009-06-26,1,0.0,1.0
2009-06-30,1,0.0,1.0
2009-07-04,1,0.0,1.0
2009-07-13,1,1.0,0.0
2009-07-15,1,1.0,0.0
2009-07-22,1,0.0,1.0
2009-07-28,1,0.0,1.0
2009-08-04,1,1.0,0.0
2009-08-11,1,0.0,1.0
2009-08-14,1,0.0,1.0
2009-08-20,1,0.0,1.0
2009-08-21,1,0.0,1.0
2009-08-23,1,0.0,1.0
2009-08-29,1,0.0,1.0
2009-09-01,1,0.0,1.0
2009-09-14,1,1.0,0.0
2009-09-29,1,0.0,1.0
2009-10-05,1,1.0,0.0
2009-10-14,1,0.0,1.0
2009-10-22,1,0.0,1.0
2009-10-27,1,0.0,1.0
2009-11-02,1,0.0,1.0
2009-11-16,1,1.0,0.0
2009-11-26,1,1.0,0.0
2009-12-03,1,1.0,0.0
2009-12-23,1,0.0,1.0
2010-01-12,1,0.0,1.0
2010-01-15,1,0.0,1.0
2010-01-21,1,0.0,1.0
2010-01-22,1,0.0,1.0
2010-02-07,1,1.0,0.0
2010-02-10,1,0.0,1.0
2010-02-11,1,0.0,1.0
2010-02-26,1,0.0,1.0
2010-03-05,1,0.0,1.0
2010-03-12,1,0.0,1.0
2010-03-15,1,0.0,1.0
2010-03-17,1,0.0,1.0
2010-03-18,1,0.0,1.0
2010-03-19,1,0.0,1.0
2010-03-23,1,0.0,1.0
2010-03-24,1,0.0,1.0
2010-03-29,1,1.0,0.0
2010-03-31,1,0.0,1.0
2010-04-01,1,0.0,1.0
2010-04-06,3,0.0,3.0
2010-04-07,1,0.0,1.0
2010-04-09,1,0.0,1.0
2010-04-12,1,0.0,1.0
2010-04-13,1,0.0,1.0
2010-04-14,1,0.0,1.0
2010-04-16,1,0.0,1.0
2010-04-20,1,0.0,1.0
2010-04-21,1,0.0,1.0
2010-04-22,1,0.0,1.0
2010-04-23,1,0.0,1.0
2010-04-26,1,0.0,1.0
2010-04-28,1,0.0,1.0
2010-04-29,1,0.0,1.0
2010-04-30,1,0.0,1.0
2010-05-03,3,1.0,2.0
2010-05-05,1,0.0,1.0
2010-05-13,1,0.0,1.0
2010-05-17,1,0.0,1.0
2010-05-19,1,0.0,1.0
2010-05-20,2,2.0,0.0
2010-05-21,1,1.0,0.0
2010-05-24,1,0.0,1.0
2010-05-25,2,1.0,1.0
2010-05-26,2,0.0,2.0
2010-05-27,1,0.0,1.0
2010-05-28,1,0.0,1.0
2010-06-02,1,0.0,1.0
2010-06-04,2,0.0,2.0
2010-06-05,1,0.0,1.0
2010-06-08,1,0.0,1.0
2010-06-09,2,0.0,2.0
2010-06-10,1,1.0,0.0
2010-06-15,2,1.0,1.0
2010-06-17,2,2.0,0.0
2010-06-21,2,0.0,2.0
2010-06-22,1,0.0,1.0
2010-06-24,1,0.0,1.0
2010-06-28,1,0.0,1.0
2010-07-01,1,1.0,0.0
2010-07-02,2,0.0,2.0
2010-07-06,1,0.0,1.0
2010-07-14,1,0.0,1.0
2010-07-19,3,2.0,1.0
2010-07-20,1,0.0,1.0
2010-07-29,3,0.0,3.0
2010-07-30,1,0.0,1.0
2010-08-04,2,1.0,1.0
2010-08-09,1,1.0,0.0
2010-08-12,6,3.0,3.0
2010-08-19,2,0.0,2.0
2010-08-23,1,1.0,0.0
2010-08-24,1,0.0,1.0
2010-08-26,1,0.0,1.0
2010-08-30,1,1.0,0.0
2010-08-31,1,0.0,1.0
2010-09-01,1,1.0,0.0
2010-09-02,2,1.0,1.0
2010-09-07,2,1.0,1.0
2010-09-09,1,0.0,1.0
2010-09-14,1,0.0,1.0
2010-09-15,1,0.0,1.0
2010-09-16,1,0.0,1.0
2010-09-17,1,1.0,0.0
2010-09-23,1,0.0,1.0
2010-09-24,1,1.0,0.0
2010-09-30,1,1.0,0.0
2010-10-01,1,1.0,0.0
2010-10-06,1,0.0,1.0
2010-10-07,2,0.0,2.0
2010-10-14,2,0.0,2.0
2010-10-21,1,0.0,1.0
2010-10-27,1,0.0,1.0
2010-10-28,1,0.0,1.0
2010-11-03,1,0.0,1.0
2010-11-04,1,1.0,0.0
2010-11-11,1,0.0,1.0
2010-11-15,1,0.0,1.0
2010-11-18,2,1.0,1.0
2010-11-22,1,0.0,1.0
2010-11-24,3,1.0,2.0
2010-11-29,1,1.0,0.0
2010-12-02,1,0.0,1.0
2010-12-09,1,0.0,1.0
2010-12-10,1,0.0,1.0
2010-12-13,3,1.0,2.0
2010-12-14,1,0.0,1.0
2010-12-16,1,0.0,1.0
2010-12-23,1,0.0,1.0
2010-12-30,1,0.0,1.0
2011-01-12,2,1.0,1.0
2011-01-13,1,1.0,0.0
2011-01-21,2,1.0,1.0
2011-01-27,2,1.0,1.0
2011-01-31,2,1.0,1.0
2011-02-07,1,0.0,1.0
2011-02-10,1,0.0,1.0
2011-02-11,1,0.0,1.0
2011-02-15,3,1.0,2.0
2011-02-16,2,0.0,2.0
2011-02-17,2,1.0,1.0
2011-02-18,1,0.0,1.0
2011-02-22,1,0.0,1.0
2011-02-23,1,1.0,0.0
2011-02-28,3,1.0,2.0
2011-03-02,2,2.0,0.0
2011-03-03,1,1.0,0.0
2011-03-04,1,1.0,0.0
2011-03-07,2,0.0,2.0
2011-03-08,1,1.0,0.0
2011-03-10,1,0.0,1.0
2011-03-11,1,1.0,0.0
2011-03-14,2,2.0,0.0
2011-03-15,5,4.0,1.0
2011-03-16,3,0.0,3.0
2011-03-17,2,0.0,2.0
2011-03-18,2,0.0,2.0
2011-03-21,4,3.0,1.0
2011-03-22,2,1.0,1.0
2011-03-23,1,1.0,0.0
2011-03-28,2,2.0,0.0
2011-03-30,2,1.0,1.0
2011-03-31,2,1.0,1.0
2011-04-01,1,1.0,0.0
2011-04-12,1,0.0,1.0
2011-04-19,1,0.0,1.0
2011-04-25,1,0.0,1.0
2011-04-29,1,1.0,0.0
2011-05-03,1,1.0,0.0
2011-05-09,1,1.0,0.0
2011-05-13,2,1.0,1.0
2011-05-16,2,0.0,2.0
2011-05-17,1,0.0,1.0
2011-05-19,1,1.0,0.0
2011-05-20,1,0.0,1.0
2011-05-23,2,0.0,2.0
2011-05-26,1,0.0,1.0
2011-05-27,1,0.0,1.0
2011-06-01,2,0.0,2.0
2011-06-02,1,0.0,1.0
2011-06-06,1,0.0,1.0
2011-06-07,1,1.0,0.0
2011-06-09,1,1.0,0.0
2011-06-14,2,1.0,1.0
2011-06-16,1,1.0,0.0
2011-06-20,1,1.0,0.0
2011-06-21,2,1.0,1.0
2011-06-23,1,1.0,0.0
2011-06-24,1,0.0,1.0
2011-06-27,2,0.0,2.0
2011-07-01,2,0.0,2.0
2011-07-05,2,1.0,1.0
2011-07-06,1,0.0,1.0
2011-07-07,3,1.0,2.0
2011-07-08,4,2.0,2.0
2011-07-11,2,1.0,1.0
2011-07-12,3,1.0,2.0
2011-07-13,1,0.0,1.0
2011-07-14,8,4.0,4.0
2011-07-15,3,1.0,2.0
2011-07-18,5,3.0,2.0
2011-07-19,3,2.0,1.0
2011-07-20,3,0.0,3.0
2011-07-21,1,0.0,1.0
2011-07-22,2,0.0,2.0
2011-07-25,5,2.0,3.0
2011-07-26,5,0.0,5.0
2011-07-27,5,2.0,3.0
2011-07-28,6,2.0,4.0
2011-07-29,7,1.0,6.0
2011-07-30,2,0.0,2.0
2011-08-01,3,0.0,3.0
2011-08-02,5,2.0,3.0
2011-08-03,7,2.0,5.0
2011-08-04,4,0.0,4.0
2011-08-05,3,1.0,2.0
2011-08-08,2,0.0,2.0
2011-08-09,4,0.0,4.0
2011-08-10,4,0.0,4.0
2011-08-11,4,0.0,4.0
2011-08-12,2,0.0,2.0
2011-08-13,3,3.0,0.0
2011-08-15,7,4.0,3.0
2011-08-16,2,0.0,2.0
2011-08-17,4,2.0,2.0
2011-08-18,4,1.0,3.0
2011-08-19,3,0.0,3.0
2011-08-22,3,1.0,2.0
2011-08-23,4,2.0,2.0
2011-08-24,3,1.0,2.0
2011-08-25,4,0.0,4.0
2011-08-26,5,1.0,4.0
2011-08-29,4,2.0,2.0
2011-08-30,4,0.0,4.0
2011-08-31,4,2.0,2.0
2011-09-01,4,2.0,2.0
2011-09-02,2,0.0,2.0
2011-09-06,5,1.0,4.0
2011-09-07,5,3.0,2.0
2011-09-08,6,0.0,6.0
2011-09-09,3,2.0,1.0
2011-09-12,6,2.0,4.0
2011-09-13,8,2.0,6.0
2011-09-14,5,0.0,5.0
2011-09-15,5,3.0,2.0
2011-09-16,6,2.0,4.0
2011-09-19,5,3.0,2.0
2011-09-20,4,1.0,3.0
2011-09-21,6,2.0,4.0
2011-09-22,4,1.0,3.0
2011-09-23,3,1.0,2.0
2011-09-26,2,0.0,2.0
2011-09-27,6,1.0,5.0
2011-09-28,8,3.0,5.0
2011-09-29,8,4.0,4.0
2011-09-30,8,3.0,5.0
2011-10-03,8,2.0,6.0
2011-10-04,7,2.0,5.0
2011-10-05,2,1.0,1.0
2011-10-06,4,2.0,2.0
2011-10-07,6,3.0,3.0
2011-10-11,7,2.0,5.0
2011-10-12,2,0.0,2.0
2011-10-13,2,0.0,2.0
2011-10-14,3,1.0,2.0
2011-10-15,2,0.0,2.0
2011-10-16,1,0.0,1.0
2011-10-17,6,3.0,3.0
2011-10-18,7,2.0,5.0
2011-10-19,5,0.0,5.0
2011-10-20,8,4.0,4.0
2011-10-21,6,3.0,3.0
2011-10-24,6,2.0,4.0
2011-10-25,7,3.0,4.0
2011-10-26,7,3.0,4.0
2011-10-27,5,1.0,4.0
2011-10-28,4,0.0,4.0
2011-10-31,1,0.0,1.0
2011-11-01,6,3.0,3.0
2011-11-02,8,2.0,6.0
2011-11-04,5,0.0,5.0
2011-11-08,5,1.0,4.0
2011-11-09,5,0.0,5.0
2011-11-10,9,4.0,5.0
2011-11-11,8,1.0,7.0
2011-11-14,5,0.0,5.0
2011-11-15,6,0.0,6.0
2011-11-16,4,0.0,4.0
2011-11-17,6,2.0,4.0
2011-11-18,5,3.0,2.0
2011-11-21,6,4.0,2.0
2011-11-22,6,3.0,3.0
2011-11-23,4,3.0,1.0
2011-11-28,8,3.0,5.0
2011-11-29,9,2.0,7.0
2011-11-30,7,0.0,7.0
2011-12-01,6,2.0,4.0
2011-12-02,9,2.0,7.0
2011-12-05,5,0.0,5.0
2011-12-06,9,0.0,9.0
2011-12-07,3,0.0,3.0
2011-12-08,14,2.0,12.0
2011-12-09,16,7.0,9.0
2011-12-12,6,1.0,5.0
2011-12-13,12,6.0,6.0
2011-12-14,20,9.0,11.0
2011-12-15,11,1.0,10.0
2011-12-16,11,4.0,7.0
2011-12-19,4,0.0,4.0
2011-12-20,15,0.0,15.0
2011-12-21,10,4.0,6.0
2011-12-22,10,0.0,10.0
2011-12-27,6,1.0,5.0
2011-12-28,7,3.0,4.0
2011-12-29,6,2.0,4.0
2011-12-30,4,3.0,1.0
2012-01-03,11,3.0,8.0
2012-01-04,12,4.0,8.0
2012-01-05,7,1.0,6.0
2012-01-06,6,1.0,5.0
2012-01-09,9,3.0,6.0
2012-01-10,9,2.0,7.0
2012-01-11,4,1.0,3.0
2012-01-12,5,2.0,3.0
2012-01-13,7,1.0,6.0
2012-01-16,1,0.0,1.0
2012-01-17,6,2.0,4.0
2012-01-18,7,0.0,7.0
2012-01-19,9,1.0,8.0
2012-01-20,7,2.0,5.0
2012-01-23,8,1.0,7.0
2012-01-24,6,1.0,5.0
2012-01-25,12,3.0,9.0
2012-01-26,10,2.0,8.0
2012-01-27,10,4.0,6.0
2012-01-30,5,0.0,5.0
2012-01-31,11,4.0,7.0
2012-02-01,14,4.0,10.0
2012-02-02,2,1.0,1.0
2012-02-03,9,2.0,7.0
2012-02-05,3,3.0,0.0
2012-02-06,8,1.0,7.0
2012-02-07,10,2.0,8.0
2012-02-08,22,7.0,15.0
2012-02-09,20,7.0,13.0
2012-02-10,8,1.0,7.0
2012-02-13,7,0.0,7.0
2012-02-14,12,1.0,11.0
2012-02-15,20,4.0,16.0
2012-02-16,13,3.0,10.0
2012-02-17,10,2.0,8.0
2012-02-21,7,2.0,5.0
2012-02-22,11,3.0,8.0
2012-02-23,11,3.0,8.0
2012-02-24,12,2.0,10.0
2012-02-27,7,4.0,3.0
2012-02-28,11,3.0,8.0
2012-02-29,8,4.0,4.0
2012-03-01,6,1.0,5.0
2012-03-05,6,1.0,5.0
2012-03-06,10,0.0,10.0
2012-03-07,8,0.0,8.0
2012-03-08,7,0.0,7.0
2012-03-09,5,1.0,4.0
2012-03-12,10,6.0,4.0
2012-03-13,11,4.0,7.0
2012-03-14,8,2.0,6.0
2012-03-15,6,2.0,4.0
2012-03-16,12,3.0,9.0
2012-03-17,1,0.0,1.0
2012-03-19,7,1.0,6.0
2012-03-20,9,3.0,6.0
2012-03-21,8,1.0,7.0
2012-03-22,3,0.0,3.0
2012-03-23,9,2.0,7.0
2012-03-26,8,0.0,8.0
2012-03-28,14,5.0,9.0
2012-03-29,13,4.0,9.0
2012-03-30,16,4.0,12.0
2012-04-02,7,3.0,4.0
2012-04-03,9,0.0,9.0
2012-04-04,8,0.0,8.0
2012-04-05,9,4.0,5.0
2012-04-06,14,2.0,12.0
2012-04-09,7,2.0,5.0
2012-04-10,4,1.0,3.0
2012-04-11,8,1.0,7.0
2012-04-12,7,4.0,3.0
2012-04-13,11,3.0,8.0
2012-04-14,3,1.0,2.0
2012-04-16,8,4.0,4.0
2012-04-17,6,0.0,6.0
2012-04-18,6,2.0,4.0
2012-04-19,14,3.0,11.0
2012-04-20,3,0.0,3.0
2012-04-22,1,0.0,1.0
2012-04-23,13,5.0,8.0
2012-04-24,8,0.0,8.0
2012-04-25,2,0.0,2.0
2012-04-26,8,1.0,7.0
2012-04-27,8,3.0,5.0
2012-04-30,10,4.0,6.0
2012-05-01,8,1.0,7.0
2012-05-02,10,6.0,4.0
2012-05-03,6,1.0,5.0
2012-05-04,10,5.0,5.0
2012-05-07,36,15.0,21.0
2012-05-08,7,3.0,4.0
2012-05-09,8,2.0,6.0
2012-05-10,7,2.0,5.0
2012-05-11,11,5.0,6.0
2012-05-14,8,0.0,8.0
2012-05-15,12,3.0,9.0
2012-05-16,6,1.0,5.0
2012-05-17,6,0.0,6.0
2012-05-18,6,2.0,4.0
2012-05-20,1,0.0,1.0
2012-05-21,4,1.0,3.0
2012-05-22,16,4.0,12.0
2012-05-23,10,5.0,5.0
2012-05-24,11,1.0,10.0
2012-05-27,1,1.0,0.0
2012-05-29,8,3.0,5.0
2012-05-30,21,4.0,17.0
2012-05-31,11,4.0,7.0
2012-06-01,17,5.0,12.0
2012-06-02,1,0.0,1.0
2012-06-03,2,0.0,2.0
2012-06-04,11,5.0,6.0
2012-06-05,9,2.0,7.0
2012-06-06,9,3.0,6.0
2012-06-07,8,4.0,4.0
2012-06-08,4,0.0,4.0
2012-06-09,6,1.0,5.0
2012-06-11,7,1.0,6.0
2012-06-12,15,3.0,12.0
2012-06-13,11,3.0,8.0
2012-06-14,8,3.0,5.0
2012-06-15,7,3.0,4.0
2012-06-18,3,2.0,1.0
2012-06-19,6,1.0,5.0
2012-06-20,8,4.0,4.0
2012-06-21,5,3.0,2.0
2012-06-22,9,5.0,4.0
2012-06-25,9,4.0,5.0
2012-06-26,5,2.0,3.0
2012-06-27,6,1.0,5.0
2012-06-28,7,4.0,3.0
2012-06-29,11,1.0,10.0
2012-07-02,9,1.0,8.0
2012-07-03,13,2.0,11.0
2012-07-05,6,2.0,4.0
2012-07-06,6,3.0,3.0
2012-07-07,1,0.0,1.0
2012-07-09,2,0.0,2.0
2012-07-10,7,1.0,6.0
2012-07-11,13,5.0,8.0
2012-07-12,6,0.0,6.0
2012-07-13,14,5.0,9.0
2012-07-16,4,0.0,4.0
2012-07-17,20,8.0,12.0
2012-07-18,21,6.0,15.0
2012-07-19,15,6.0,9.0
2012-07-20,11,2.0,9.0
2012-07-23,8,1.0,7.0
2012-07-24,9,2.0,7.0
2012-07-25,9,2.0,7.0
2012-07-26,2,0.0,2.0
2012-07-27,6,4.0,2.0
2012-07-30,7,1.0,6.0
2012-07-31,14,3.0,11.0
2012-08-01,13,1.0,12.0
2012-08-02,11,5.0,6.0
2012-08-06,11,1.0,10.0
2012-08-07,20,7.0,13.0
2012-08-08,15,5.0,10.0
2012-08-09,20,4.0,16.0
2012-08-10,17,10.0,7.0
2012-08-13,8,2.0,6.0
2012-08-14,12,6.0,6.0
2012-08-15,16,5.0,11.0
2012-08-16,22,2.0,20.0
2012-08-17,19,5.0,14.0
2012-08-20,3,2.0,1.0
2012-08-21,21,7.0,14.0
2012-08-22,15,6.0,9.0
2012-08-23,19,8.0,11.0
2012-08-24,19,4.0,15.0
2012-08-27,9,4.0,5.0
2012-08-28,22,8.0,14.0
2012-08-29,13,3.0,10.0
2012-08-30,16,9.0,7.0
2012-08-31,12,3.0,9.0
2012-09-01,3,0.0,3.0
2012-09-02,4,2.0,2.0
2012-09-04,9,3.0,6.0
2012-09-05,21,7.0,14.0
2012-09-06,14,4.0,10.0
2012-09-07,14,5.0,9.0
2012-09-10,2,0.0,2.0
2012-09-11,20,6.0,14.0
2012-09-12,21,5.0,16.0
2012-09-13,25,7.0,18.0
2012-09-14,19,5.0,14.0
2012-09-17,17,5.0,12.0
2012-09-18,20,13.0,7.0
2012-09-19,19,10.0,9.0
2012-09-20,15,3.0,12.0
2012-09-21,12,2.0,10.0
2012-09-24,14,5.0,9.0
2012-09-25,29,14.0,15.0
2012-09-26,21,8.0,13.0
2012-09-27,26,10.0,16.0
2012-09-28,20,5.0,15.0
2012-10-01,9,3.0,6.0
2012-10-02,23,6.0,17.0
2012-10-03,25,11.0,14.0
2012-10-04,20,4.0,16.0
2012-10-05,8,1.0,7.0
2012-10-08,10,2.0,8.0
2012-10-09,21,5.0,16.0
2012-10-10,23,5.0,18.0
2012-10-11,21,7.0,14.0
2012-10-12,27,3.0,24.0
2012-10-13,9,3.0,6.0
2012-10-14,9,1.0,8.0
2012-10-15,18,3.0,15.0
2012-10-16,35,12.0,23.0
2012-10-17,63,26.0,37.0
2012-10-18,38,17.0,21.0
2012-10-19,45,23.0,22.0
2012-10-21,6,1.0,5.0
2012-10-22,24,10.0,14.0
2012-10-23,33,12.0,21.0
2012-10-24,18,9.0,9.0
2012-10-25,26,11.0,15.0
2012-10-26,51,24.0,27.0
2012-10-27,6,3.0,3.0
2012-10-28,6,3.0,3.0
2012-10-29,10,3.0,7.0
2012-10-30,29,5.0,24.0
2012-10-31,29,9.0,20.0
2012-11-01,13,5.0,8.0
2012-11-02,38,15.0,23.0
2012-11-03,2,1.0,1.0
2012-11-04,8,5.0,3.0
2012-11-05,40,16.0,24.0
2012-11-06,39,15.0,24.0
2012-11-07,36,11.0,25.0
2012-11-08,20,9.0,11.0
2012-11-09,20,11.0,9.0
2012-11-10,10,5.0,5.0
2012-11-11,2,1.0,1.0
2012-11-12,8,3.0,5.0
2012-11-13,18,5.0,13.0
2012-11-14,18,5.0,13.0
2012-11-15,31,15.0,16.0
2012-11-16,9,4.0,5.0
2012-11-19,22,7.0,15.0
2012-11-20,31,14.0,17.0
2012-11-21,15,1.0,14.0
2012-11-25,4,2.0,2.0
2012-11-26,11,4.0,7.0
2012-11-27,21,9.0,12.0
2012-11-28,28,5.0,23.0
2012-11-29,25,5.0,20.0
2012-11-30,21,5.0,16.0
2012-12-03,18,12.0,6.0
2012-12-04,27,10.0,17.0
2012-12-05,33,16.0,17.0
2012-12-06,53,31.0,22.0
2012-12-07,24,8.0,16.0
2012-12-10,20,7.0,13.0
2012-12-11,24,11.0,13.0
2012-12-12,22,7.0,15.0
2012-12-13,6,3.0,3.0
2012-12-14,1,1.0,0.0
2012-12-15,2,1.0,1.0
2012-12-17,3,1.0,2.0
2012-12-18,11,2.0,9.0
2012-12-19,21,11.0,10.0
2012-12-20,34,13.0,21.0
2012-12-21,23,12.0,11.0
2012-12-23,4,3.0,1.0
2012-12-24,1,1.0,0.0
2012-12-26,6,0.0,6.0
2012-12-27,7,1.0,6.0
2012-12-28,32,12.0,20.0
2013-01-01,4,2.0,2.0
2013-01-02,20,4.0,16.0
2013-01-03,53,26.0,27.0
2013-01-04,20,6.0,14.0
2013-01-07,19,10.0,9.0
2013-01-08,44,21.0,23.0
2013-01-09,45,18.0,27.0
2013-01-10,57,20.0,37.0
2013-01-11,34,15.0,19.0
2013-01-14,34,18.0,16.0
2013-01-15,33,9.0,24.0
2013-01-16,16,9.0,7.0
2013-01-17,17,6.0,11.0
2013-01-18,33,10.0,23.0
2013-01-21,12,3.0,9.0
2013-01-22,56,27.0,29.0
2013-01-23,37,11.0,26.0
2013-01-24,47,22.0,25.0
2013-01-25,28,9.0,19.0
2013-01-28,10,5.0,5.0
2013-01-29,27,13.0,14.0
2013-01-30,35,13.0,22.0
2013-01-31,40,24.0,16.0
2013-02-01,23,13.0,10.0
2013-02-04,30,11.0,19.0
2013-02-05,53,25.0,28.0
2013-02-06,61,21.0,40.0
2013-02-07,61,27.0,34.0
2013-02-08,25,15.0,10.0
2013-02-09,4,4.0,0.0
2013-02-10,1,1.0,0.0
2013-02-11,11,4.0,7.0
2013-02-12,50,20.0,30.0
2013-02-13,65,32.0,33.0
2013-02-14,60,26.0,34.0
2013-02-15,39,16.0,23.0
2013-02-16,2,1.0,1.0
2013-02-17,1,0.0,1.0
2013-02-18,1,0.0,1.0
2013-02-19,27,10.0,17.0
2013-02-20,58,16.0,42.0
2013-02-21,36,5.0,31.0
2013-02-22,22,8.0,14.0
2013-02-23,11,6.0,5.0
2013-02-24,8,3.0,5.0
2013-02-25,57,26.0,31.0
2013-02-26,50,15.0,35.0
2013-02-27,100,40.0,60.0
2013-02-28,37,13.0,24.0
2013-03-01,33,12.0,21.0
2013-03-02,18,7.0,11.0
2013-03-03,35,14.0,21.0
2013-03-04,37,11.0,26.0
2013-03-05,19,8.0,11.0
2013-03-06,20,7.0,13.0
2013-03-07,23,11.0,12.0
2013-03-08,23,8.0,15.0
2013-03-09,1,0.0,1.0
2013-03-10,5,1.0,4.0
2013-03-11,31,10.0,21.0
2013-03-12,24,13.0,11.0
2013-03-13,24,14.0,10.0
2013-03-14,27,8.0,19.0
2013-03-15,26,14.0,12.0
2013-03-16,2,0.0,2.0
2013-03-17,16,5.0,11.0
2013-03-18,59,27.0,32.0
2013-03-19,82,49.0,33.0
2013-03-20,43,15.0,28.0
2013-03-21,17,7.0,10.0
2013-03-22,21,9.0,12.0
2013-03-23,9,6.0,3.0
2013-03-24,13,8.0,5.0
2013-03-25,44,13.0,31.0
2013-03-26,27,17.0,10.0
2013-03-27,31,13.0,18.0
2013-03-28,84,35.0,49.0
2013-03-29,10,2.0,8.0
2013-03-30,18,12.0,6.0
2013-03-31,4,1.0,3.0
2013-04-01,63,20.0,43.0
2013-04-02,15,6.0,9.0
2013-04-03,20,8.0,12.0
2013-04-04,6,2.0,4.0
2013-04-05,34,15.0,19.0
2013-04-06,9,7.0,2.0
2013-04-07,25,16.0,9.0
2013-04-08,20,5.0,15.0
2013-04-09,10,4.0,6.0
2013-04-10,53,18.0,35.0
2013-04-11,37,20.0,17.0
2013-04-12,35,16.0,19.0
2013-04-13,22,14.0,8.0
2013-04-14,34,16.0,18.0
2013-04-15,33,16.0,17.0
2013-04-16,30,11.0,19.0
2013-04-17,31,14.0,17.0
2013-04-18,36,14.0,22.0
2013-04-19,9,3.0,6.0
2013-04-20,35,13.0,22.0
2013-04-21,23,12.0,11.0
2013-04-22,53,29.0,24.0
2013-04-23,14,6.0,8.0
2013-04-24,68,34.0,34.0
2013-04-25,46,25.0,21.0
2013-04-26,23,12.0,11.0
2013-04-27,35,12.0,23.0
2013-04-28,10,6.0,4.0
2013-04-29,44,23.0,21.0
2013-04-30,29,22.0,7.0
2013-05-01,41,14.0,27.0
2013-05-02,38,23.0,15.0
2013-05-03,18,8.0,10.0
2013-05-05,1,1.0,0.0
2013-05-06,10,2.0,8.0
2013-05-07,18,7.0,11.0
2013-05-08,40,23.0,17.0
2013-05-09,23,11.0,12.0
2013-05-10,8,4.0,4.0
2013-05-11,31,16.0,15.0
2013-05-12,21,7.0,14.0
2013-05-13,10,3.0,7.0
2013-05-14,8,3.0,5.0
2013-05-16,36,15.0,21.0
2013-05-17,36,18.0,18.0
2013-05-18,1,0.0,1.0
2013-05-19,32,15.0,17.0
2013-05-20,36,10.0,26.0
2013-05-21,15,5.0,10.0
2013-05-22,19,3.0,16.0
2013-05-23,43,24.0,19.0
2013-05-24,68,31.0,37.0
2013-05-25,64,35.0,29.0
2013-05-26,18,8.0,10.0
2013-05-27,29,13.0,16.0
2013-05-28,28,16.0,12.0
2013-05-29,31,16.0,15.0
2013-05-30,43,22.0,21.0
2013-05-31,15,7.0,8.0
2013-06-01,3,2.0,1.0
2013-06-02,7,3.0,4.0
2013-06-03,17,6.0,11.0
2013-06-04,27,14.0,13.0
2013-06-05,46,20.0,26.0
2013-06-06,2,0.0,2.0
2013-06-07,7,4.0,3.0
2013-06-08,3,2.0,1.0
2013-06-10,14,8.0,6.0
2013-06-11,24,11.0,13.0
2013-06-12,32,16.0,16.0
2013-06-13,28,17.0,11.0
2013-06-14,13,4.0,9.0
2013-06-15,7,2.0,5.0
2013-06-16,11,4.0,7.0
2013-06-17,10,4.0,6.0
2013-06-18,8,2.0,6.0
2013-06-19,27,11.0,16.0
2013-06-20,17,6.0,11.0
2013-06-21,15,8.0,7.0
2013-06-22,3,2.0,1.0
2013-06-23,3,2.0,1.0
2013-06-24,15,6.0,9.0
2013-06-25,20,8.0,12.0
2013-06-26,35,15.0,20.0
2013-06-27,21,10.0,11.0
2013-06-28,14,7.0,7.0
2013-06-29,16,11.0,5.0
2013-06-30,18,10.0,8.0
2013-07-01,40,20.0,20.0
2013-07-02,16,7.0,9.0
2013-07-03,43,18.0,25.0
2013-07-04,10,5.0,5.0
2013-07-05,17,11.0,6.0
2013-07-06,43,15.0,28.0
2013-07-07,12,6.0,6.0
2013-07-08,27,12.0,15.0
2013-07-09,26,10.0,16.0
2013-07-10,52,19.0,33.0
2013-07-11,14,3.0,11.0
2013-07-12,12,5.0,7.0
2013-07-13,50,29.0,21.0
2013-07-14,31,17.0,14.0
2013-07-15,13,3.0,10.0
2013-07-16,36,17.0,19.0
2013-07-17,59,26.0,33.0
2013-07-18,34,11.0,23.0
2013-07-19,23,9.0,14.0
2013-07-21,9,4.0,5.0
2013-07-22,16,9.0,7.0
2013-07-23,42,22.0,20.0
2013-07-24,95,45.0,50.0
2013-07-25,25,13.0,12.0
2013-07-26,21,9.0,12.0
2013-07-27,10,4.0,6.0
2013-07-28,19,9.0,10.0
2013-07-29,27,16.0,11.0
2013-07-30,14,5.0,9.0
2013-07-31,29,10.0,19.0
2013-08-01,41,16.0,25.0
2013-08-02,28,14.0,14.0
2013-08-03,1,0.0,1.0
2013-08-04,1,1.0,0.0
2013-08-05,29,14.0,15.0
2013-08-06,24,15.0,9.0
2013-08-07,30,17.0,13.0
2013-08-08,19,9.0,10.0
2013-08-09,39,12.0,27.0
2013-08-10,5,3.0,2.0
2013-08-11,17,6.0,11.0
2013-08-12,17,5.0,12.0
2013-08-13,56,33.0,23.0
2013-08-14,19,9.0,10.0
2013-08-15,43,21.0,22.0
2013-08-16,17,6.0,11.0
2013-08-17,11,6.0,5.0
2013-08-18,19,10.0,9.0
2013-08-19,14,6.0,8.0
2013-08-20,19,13.0,6.0
2013-08-21,38,21.0,17.0
2013-08-22,37,19.0,18.0
2013-08-23,7,3.0,4.0
2013-08-24,6,2.0,4.0
2013-08-25,22,14.0,8.0
2013-08-26,17,11.0,6.0
2013-08-27,10,4.0,6.0
2013-08-28,33,8.0,25.0
2013-08-29,44,22.0,22.0
2013-08-30,38,16.0,22.0
2013-08-31,15,6.0,9.0
2013-09-01,15,8.0,7.0
2013-09-02,24,11.0,13.0
2013-09-03,23,10.0,13.0
2013-09-04,32,11.0,21.0
2013-09-05,44,26.0,18.0
2013-09-06,20,7.0,13.0
2013-09-07,33,18.0,15.0
2013-09-08,19,14.0,5.0
2013-09-09,29,10.0,19.0
2013-09-10,52,25.0,27.0
2013-09-11,64,29.0,35.0
2013-09-12,21,12.0,9.0
2013-09-13,24,12.0,12.0
2013-09-15,24,17.0,7.0
2013-09-16,12,6.0,6.0
2013-09-17,13,4.0,9.0
2013-09-18,14,3.0,11.0
2013-09-19,28,13.0,15.0
2013-09-20,28,14.0,14.0
2013-09-21,19,10.0,9.0
2013-09-22,19,8.0,11.0
2013-09-23,17,4.0,13.0
2013-09-24,13,4.0,9.0
2013-09-25,15,6.0,9.0
2013-09-26,12,4.0,8.0
2013-09-27,30,11.0,19.0
2013-09-28,5,1.0,4.0
2013-09-29,8,2.0,6.0
2013-09-30,16,6.0,10.0
2013-10-01,21,11.0,10.0
2013-10-02,16,6.0,10.0
2013-10-03,29,14.0,15.0
2013-10-04,17,6.0,11.0
2013-10-05,3,2.0,1.0
2013-10-06,1,0.0,1.0
2013-10-07,18,7.0,11.0
2013-10-08,18,8.0,10.0
2013-10-09,16,5.0,11.0
2013-10-10,17,7.0,10.0
2013-10-11,50,21.0,29.0
2013-10-12,2,1.0,1.0
2013-10-13,4,2.0,2.0
2013-10-14,22,5.0,17.0
2013-10-15,9,2.0,7.0
2013-10-16,14,7.0,7.0
2013-10-17,16,6.0,10.0
2013-10-18,67,36.0,31.0
2013-10-19,10,6.0,4.0
2013-10-20,24,10.0,14.0
2013-10-21,18,8.0,10.0
2013-10-22,8,2.0,6.0
2013-10-23,19,7.0,12.0
2013-10-24,10,1.0,9.0
2013-10-25,12,6.0,6.0
2013-10-26,11,8.0,3.0
2013-10-27,31,15.0,16.0
2013-10-28,24,14.0,10.0
2013-10-29,18,7.0,11.0
2013-10-30,13,3.0,10.0
2013-10-31,20,4.0,16.0
2013-11-01,8,1.0,7.0
2013-11-02,2,1.0,1.0
2013-11-04,22,14.0,8.0
2013-11-05,19,10.0,9.0
2013-11-06,20,7.0,13.0
2013-11-07,20,7.0,13.0
2013-11-08,4,2.0,2.0
2013-11-09,8,2.0,6.0
2013-11-11,18,6.0,12.0
2013-11-12,17,6.0,11.0
2013-11-13,9,0.0,9.0
2013-11-14,16,8.0,8.0
2013-11-15,18,4.0,14.0
2013-11-16,9,5.0,4.0
2013-11-17,5,2.0,3.0
2013-11-18,9,2.0,7.0
2013-11-19,19,14.0,5.0
2013-11-20,20,10.0,10.0
2013-11-21,10,7.0,3.0
2013-11-22,15,5.0,10.0
2013-11-23,4,1.0,3.0
2013-11-24,7,3.0,4.0
2013-11-25,18,10.0,8.0
2013-11-26,15,4.0,11.0
2013-11-27,23,8.0,15.0
2013-11-28,4,3.0,1.0
2013-11-29,13,7.0,6.0
2013-11-30,25,10.0,15.0
2013-12-01,1,1.0,0.0
2013-12-02,17,7.0,10.0
2013-12-03,27,12.0,15.0
2013-12-04,9,4.0,5.0
2013-12-05,10,5.0,5.0
2013-12-06,20,6.0,14.0
2013-12-07,7,2.0,5.0
2013-12-08,5,2.0,3.0
2013-12-09,20,3.0,17.0
2013-12-10,29,13.0,16.0
2013-12-11,13,8.0,5.0
2013-12-12,12,4.0,8.0
2013-12-13,15,3.0,12.0
2013-12-14,4,1.0,3.0
2013-12-15,6,3.0,3.0
2013-12-16,8,1.0,7.0
2013-12-17,15,8.0,7.0
2013-12-18,11,5.0,6.0
2013-12-19,27,9.0,18.0
2013-12-20,17,11.0,6.0
2013-12-21,13,4.0,9.0
2013-12-22,11,5.0,6.0
2013-12-23,13,5.0,8.0
2013-12-24,20,7.0,13.0
2013-12-25,3,0.0,3.0
2013-12-26,5,3.0,2.0
2013-12-27,3,2.0,1.0
2013-12-28,9,3.0,6.0
2013-12-29,1,0.0,1.0
2013-12-30,10,2.0,8.0
2013-12-31,8,4.0,4.0
2014-01-01,1,0.0,1.0
2014-01-02,17,10.0,7.0
2014-01-03,9,2.0,7.0
2014-01-04,1,0.0,1.0
2014-01-05,1,0.0,1.0
2014-01-06,11,5.0,6.0
2014-01-07,7,3.0,4.0
2014-01-08,5,1.0,4.0
2014-01-09,44,20.0,24.0
2014-01-10,11,4.0,7.0
2014-01-11,6,3.0,3.0
2014-01-12,9,4.0,5.0
2014-01-13,26,13.0,13.0
2014-01-14,16,8.0,8.0
2014-01-15,38,17.0,21.0
2014-01-16,14,8.0,6.0
2014-01-17,5,3.0,2.0
2014-01-18,14,5.0,9.0
2014-01-20,21,9.0,12.0
2014-01-22,6,2.0,4.0
2014-01-23,4,1.0,3.0
2014-01-24,7,1.0,6.0
2014-01-25,3,1.0,2.0
2014-01-26,3,2.0,1.0
2014-01-27,8,2.0,6.0
2014-01-28,9,3.0,6.0
2014-01-29,20,6.0,14.0
2014-01-30,20,13.0,7.0
2014-01-31,22,11.0,11.0
2014-02-01,2,1.0,1.0
2014-02-02,4,1.0,3.0
2014-02-03,10,3.0,7.0
2014-02-04,9,0.0,9.0
2014-02-05,9,0.0,9.0
2014-02-06,4,1.0,3.0
2014-02-08,2,1.0,1.0
2014-02-10,12,7.0,5.0
2014-02-11,1,0.0,1.0
2014-02-12,10,0.0,10.0
2014-02-13,8,2.0,6.0
2014-02-14,27,6.0,21.0
2014-02-15,8,3.0,5.0
2014-02-16,9,5.0,4.0
2014-02-17,7,2.0,5.0
2014-02-18,8,0.0,8.0
2014-02-19,32,18.0,14.0
2014-02-20,11,5.0,6.0
2014-02-21,24,16.0,8.0
2014-02-22,10,1.0,9.0
2014-02-23,3,2.0,1.0
2014-02-24,20,7.0,13.0
2014-02-25,25,9.0,16.0
2014-02-26,13,3.0,10.0
2014-02-27,9,3.0,6.0
2014-02-28,7,3.0,4.0
2014-03-01,5,3.0,2.0
2014-03-02,9,3.0,6.0
2014-03-03,54,31.0,23.0
2014-03-04,15,3.0,12.0
2014-03-05,8,5.0,3.0
2014-03-06,5,2.0,3.0
2014-03-07,10,4.0,6.0
2014-03-08,8,1.0,7.0
2014-03-09,2,2.0,0.0
2014-03-10,7,2.0,5.0
2014-03-11,14,4.0,10.0
2014-03-12,12,2.0,10.0
2014-03-13,11,6.0,5.0
2014-03-14,13,6.0,7.0
2014-03-15,4,2.0,2.0
2014-03-16,3,1.0,2.0
2014-03-17,6,2.0,4.0
2014-03-18,16,7.0,9.0
2014-03-19,15,7.0,8.0
2014-03-20,18,9.0,9.0
2014-03-21,6,2.0,4.0
2014-03-22,5,3.0,2.0
2014-03-24,9,3.0,6.0
2014-03-25,5,2.0,3.0
2014-03-26,11,3.0,8.0
2014-03-27,40,16.0,24.0
2014-03-28,23,9.0,14.0
2014-03-29,10,3.0,7.0
2014-03-30,17,10.0,7.0
2014-03-31,16,8.0,8.0
2014-04-01,22,7.0,15.0
2014-04-02,7,2.0,5.0
2014-04-03,9,4.0,5.0
2014-04-04,14,3.0,11.0
2014-04-05,38,18.0,20.0
2014-04-06,8,4.0,4.0
2014-04-07,13,8.0,5.0
2014-04-08,11,4.0,7.0
2014-04-09,22,7.0,15.0
2014-04-10,26,12.0,14.0
2014-04-11,19,9.0,10.0
2014-04-12,8,6.0,2.0
2014-04-14,18,7.0,11.0
2014-04-15,21,6.0,15.0
2014-04-16,15,4.0,11.0
2014-04-17,20,8.0,12.0
2014-04-18,26,7.0,19.0
2014-04-19,31,18.0,13.0
2014-04-20,21,14.0,7.0
2014-04-21,20,6.0,14.0
2014-04-22,30,11.0,19.0
2014-04-23,35,15.0,20.0
2014-04-24,24,9.0,15.0
2014-04-25,17,4.0,13.0
2014-04-27,3,0.0,3.0
2014-04-28,8,4.0,4.0
2014-04-29,16,9.0,7.0
2014-04-30,10,5.0,5.0
2014-05-01,7,1.0,6.0
2014-05-02,37,15.0,22.0
2014-05-03,23,11.0,12.0
2014-05-04,11,9.0,2.0
2014-05-05,35,20.0,15.0
2014-05-06,9,3.0,6.0
2014-05-07,9,1.0,8.0
2014-05-08,12,4.0,8.0
2014-05-09,21,12.0,9.0
2014-05-10,5,2.0,3.0
2014-05-11,3,2.0,1.0
2014-05-12,8,1.0,7.0
2014-05-13,12,5.0,7.0
2014-05-14,5,1.0,4.0
2014-05-15,7,0.0,7.0
2014-05-16,7,3.0,4.0
2014-05-17,11,3.0,8.0
2014-05-18,11,7.0,4.0
2014-05-19,17,9.0,8.0
2014-05-20,13,8.0,5.0
2014-05-21,6,1.0,5.0
2014-05-22,10,4.0,6.0
2014-05-23,18,4.0,14.0
2014-05-24,1,0.0,1.0
2014-05-25,3,1.0,2.0
2014-05-26,8,6.0,2.0
2014-05-27,19,6.0,13.0
2014-05-28,9,5.0,4.0
2014-05-29,4,1.0,3.0
2014-05-30,14,4.0,10.0
2014-05-31,9,1.0,8.0
2014-06-01,21,9.0,12.0
2014-06-02,28,15.0,13.0
2014-06-03,26,11.0,15.0
2014-06-04,29,10.0,19.0
2014-06-05,8,2.0,6.0
2014-06-06,4,2.0,2.0
2014-06-07,4,1.0,3.0
2014-06-08,25,8.0,17.0
2014-06-09,12,5.0,7.0
2014-06-10,25,11.0,14.0
2014-06-11,29,16.0,13.0
2014-06-12,18,9.0,9.0
2014-06-13,44,19.0,25.0
2014-06-14,21,10.0,11.0
2014-06-15,58,37.0,21.0
2014-06-16,49,25.0,24.0
2014-06-17,88,38.0,50.0
2014-06-18,19,7.0,12.0
2014-06-19,39,19.0,20.0
2014-06-20,18,10.0,8.0
2014-06-21,20,11.0,9.0
2014-06-22,29,12.0,17.0
2014-06-23,28,14.0,14.0
2014-06-24,21,9.0,12.0
2014-06-25,6,2.0,4.0
2014-06-26,35,17.0,18.0
2014-06-27,11,5.0,6.0
2014-06-29,21,11.0,10.0
2014-06-30,12,5.0,7.0
2014-07-01,18,7.0,11.0
2014-07-02,16,3.0,13.0
2014-07-03,10,2.0,8.0
2014-07-04,5,2.0,3.0
2014-07-05,8,4.0,4.0
2014-07-06,3,3.0,0.0
2014-07-07,16,7.0,9.0
2014-07-08,19,8.0,11.0
2014-07-09,31,10.0,21.0
2014-07-10,36,15.0,21.0
2014-07-11,24,12.0,12.0
2014-07-12,3,2.0,1.0
2014-07-13,9,4.0,5.0
2014-07-14,14,8.0,6.0
2014-07-15,22,7.0,15.0
2014-07-16,10,3.0,7.0
2014-07-17,24,10.0,14.0
2014-07-18,18,2.0,16.0
2014-07-19,4,0.0,4.0
2014-07-20,1,0.0,1.0
2014-07-21,18,5.0,13.0
2014-07-22,15,1.0,14.0
2014-07-23,16,5.0,11.0
2014-07-24,20,5.0,15.0
2014-07-25,10,5.0,5.0
2014-07-26,4,4.0,0.0
2014-07-28,14,7.0,7.0
2014-07-29,36,15.0,21.0
2014-07-30,18,8.0,10.0
2014-07-31,26,7.0,19.0
2014-08-01,14,4.0,10.0
2014-08-02,16,10.0,6.0
2014-08-03,5,1.0,4.0
2014-08-04,16,8.0,8.0
2014-08-05,24,5.0,19.0
2014-08-06,9,0.0,9.0
2014-08-07,10,5.0,5.0
2014-08-08,15,2.0,13.0
2014-08-09,13,7.0,6.0
2014-08-11,23,6.0,17.0
2014-08-12,20,12.0,8.0
2014-08-13,14,6.0,8.0
2014-08-14,1,0.0,1.0
2014-08-15,1,1.0,0.0
2014-08-18,6,3.0,3.0
2014-08-19,5,1.0,4.0
2014-08-20,15,8.0,7.0
2014-08-21,16,5.0,11.0
2014-08-22,15,7.0,8.0
2014-08-23,13,4.0,9.0
2014-08-24,1,1.0,0.0
2014-08-25,15,6.0,9.0
2014-08-26,19,12.0,7.0
2014-08-27,9,5.0,4.0
2014-08-28,20,8.0,12.0
2014-08-29,9,4.0,5.0
2014-08-30,2,0.0,2.0
2014-08-31,8,3.0,5.0
2014-09-01,20,10.0,10.0
2014-09-02,22,4.0,18.0
2014-09-03,21,10.0,11.0
2014-09-04,13,6.0,7.0
2014-09-05,12,5.0,7.0
2014-09-06,32,17.0,15.0
2014-09-07,4,0.0,4.0
2014-09-08,21,7.0,14.0
2014-09-09,22,6.0,16.0
2014-09-10,8,2.0,6.0
2014-09-11,25,11.0,14.0
2014-09-12,10,5.0,5.0
2014-09-13,18,9.0,9.0
2014-09-14,7,1.0,6.0
2014-09-15,12,5.0,7.0
2014-09-16,17,7.0,10.0
2014-09-17,53,24.0,29.0
2014-09-18,17,12.0,5.0
2014-09-19,12,5.0,7.0
2014-09-20,8,2.0,6.0
2014-09-21,2,0.0,2.0
2014-09-22,19,7.0,12.0
2014-09-23,27,14.0,13.0
2014-09-24,14,8.0,6.0
2014-09-25,12,7.0,5.0
2014-09-26,15,5.0,10.0
2014-09-27,1,1.0,0.0
2014-09-28,6,4.0,2.0
2014-09-29,33,11.0,22.0
2014-09-30,14,5.0,9.0
2014-10-01,34,14.0,20.0
2014-10-02,11,3.0,8.0
2014-10-03,18,9.0,9.0
2014-10-04,5,2.0,3.0
2014-10-05,9,5.0,4.0
2014-10-06,17,6.0,11.0
2014-10-07,22,11.0,11.0
2014-10-08,19,8.0,11.0
2014-10-09,32,18.0,14.0
2014-10-10,26,15.0,11.0
2014-10-11,39,20.0,19.0
2014-10-12,2,2.0,0.0
2014-10-13,28,17.0,11.0
2014-10-14,18,9.0,9.0
2014-10-15,21,6.0,15.0
2014-10-16,21,10.0,11.0
2014-10-17,33,16.0,17.0
2014-10-18,4,1.0,3.0
2014-10-19,14,7.0,7.0
2014-10-20,28,16.0,12.0
2014-10-21,17,7.0,10.0
2014-10-22,19,8.0,11.0
2014-10-23,21,8.0,13.0
2014-10-24,19,9.0,10.0
2014-10-25,2,1.0,1.0
2014-10-26,8,4.0,4.0
2014-10-27,30,13.0,17.0
2014-10-28,15,4.0,11.0
2014-10-29,40,17.0,23.0
2014-10-30,21,10.0,11.0
2014-10-31,16,7.0,9.0
2014-11-01,31,16.0,15.0
2014-11-02,22,11.0,11.0
2014-11-03,30,12.0,18.0
2014-11-04,23,10.0,13.0
2014-11-05,37,13.0,24.0
2014-11-06,32,14.0,18.0
2014-11-07,41,24.0,17.0
2014-11-08,5,4.0,1.0
2014-11-09,14,5.0,9.0
2014-11-10,51,19.0,32.0
2014-11-11,12,3.0,9.0
2014-11-12,14,5.0,9.0
2014-11-13,9,2.0,7.0
2014-11-14,6,3.0,3.0
2014-11-16,3,1.0,2.0
2014-11-17,19,11.0,8.0
2014-11-18,16,6.0,10.0
2014-11-19,20,4.0,16.0
2014-11-20,12,5.0,7.0
2014-11-21,10,4.0,6.0
2014-11-22,24,9.0,15.0
2014-11-23,32,10.0,22.0
2014-11-24,24,7.0,17.0
2014-11-25,15,7.0,8.0
2014-11-26,32,14.0,18.0
2014-11-27,2,1.0,1.0
2014-11-28,24,7.0,17.0
2014-11-29,10,5.0,5.0
2014-11-30,4,1.0,3.0
2014-12-01,31,12.0,19.0
2014-12-02,28,12.0,16.0
2014-12-03,62,29.0,33.0
2014-12-04,16,9.0,7.0
2014-12-05,4,2.0,2.0
2014-12-06,7,2.0,5.0
2014-12-07,2,1.0,1.0
2014-12-08,32,17.0,15.0
2014-12-09,36,17.0,19.0
2014-12-10,53,25.0,28.0
2014-12-11,34,20.0,14.0
2014-12-12,11,5.0,6.0
2014-12-13,12,6.0,6.0
2014-12-14,5,3.0,2.0
2014-12-15,38,17.0,21.0
2014-12-16,22,9.0,13.0
2014-12-17,11,6.0,5.0
2014-12-18,19,9.0,10.0
2014-12-19,23,11.0,12.0
2014-12-20,23,10.0,13.0
2014-12-21,1,1.0,0.0
2014-12-22,19,11.0,8.0
2014-12-23,10,3.0,7.0
2014-12-24,46,25.0,21.0
2014-12-25,1,0.0,1.0
2014-12-26,28,9.0,19.0
2014-12-27,5,4.0,1.0
2014-12-28,5,3.0,2.0
2014-12-29,44,20.0,24.0
2014-12-30,17,7.0,10.0
2014-12-31,14,5.0,9.0
2015-01-01,22,9.0,13.0
2015-01-02,35,14.0,21.0
2015-01-03,24,8.0,16.0
2015-01-04,48,26.0,22.0
2015-01-05,160,83.0,77.0
2015-01-06,118,61.0,57.0
2015-01-07,32,17.0,15.0
2015-01-08,52,28.0,24.0
2015-01-09,64,31.0,33.0
2015-01-10,15,8.0,7.0
2015-01-12,29,23.0,6.0
2015-01-13,41,21.0,20.0
2015-01-14,10,7.0,3.0
2015-01-15,34,15.0,19.0
2015-01-16,7,1.0,6.0
2015-01-17,23,16.0,7.0
2015-01-18,8,5.0,3.0
2015-01-19,11,7.0,4.0
2015-01-20,80,32.0,48.0
2015-01-21,30,15.0,15.0
2015-01-22,13,7.0,6.0
2015-01-23,17,7.0,10.0
2015-01-24,15,5.0,10.0
2015-01-25,39,20.0,19.0
2015-01-26,12,4.0,8.0
2015-01-27,90,42.0,48.0
2015-01-28,31,14.0,17.0
2015-01-29,12,6.0,6.0
2015-01-30,26,15.0,11.0
2015-01-31,21,14.0,7.0
2015-02-01,7,5.0,2.0
2015-02-02,13,4.0,9.0
2015-02-03,74,38.0,36.0
2015-02-04,12,3.0,9.0
2015-02-05,12,4.0,8.0
2015-02-06,8,2.0,6.0
2015-02-07,4,3.0,1.0
2015-02-08,4,2.0,2.0
2015-02-09,25,7.0,18.0
2015-02-10,88,35.0,53.0
2015-02-11,18,6.0,12.0
2015-02-12,11,4.0,7.0
2015-02-13,19,8.0,11.0
2015-02-14,24,6.0,18.0
2015-02-15,12,4.0,8.0
2015-02-16,12,6.0,6.0
2015-02-17,14,4.0,10.0
2015-02-18,15,9.0,6.0
2015-02-19,13,3.0,10.0
2015-02-20,15,7.0,8.0
2015-02-21,6,6.0,0.0
2015-02-22,7,3.0,4.0
2015-02-23,25,16.0,9.0
2015-02-24,9,4.0,5.0
2015-02-25,11,3.0,8.0
2015-02-26,2,0.0,2.0
2015-02-27,3,1.0,2.0
2015-02-28,5,4.0,1.0
2015-03-01,3,0.0,3.0
2015-03-02,7,6.0,1.0
2015-03-03,6,2.0,4.0
2015-03-04,10,4.0,6.0
2015-03-05,19,12.0,7.0
2015-03-06,20,13.0,7.0
2015-03-07,1,0.0,1.0
2015-03-08,3,1.0,2.0
2015-03-09,16,7.0,9.0
2015-03-10,8,0.0,8.0
2015-03-11,24,8.0,16.0
2015-03-12,20,9.0,11.0
2015-03-13,7,5.0,2.0
2015-03-14,3,1.0,2.0
2015-03-16,14,4.0,10.0
2015-03-17,12,6.0,6.0
2015-03-18,15,8.0,7.0
2015-03-19,17,9.0,8.0
2015-03-20,11,4.0,7.0
2015-03-23,27,13.0,14.0
2015-03-24,64,34.0,30.0
2015-03-25,24,9.0,15.0
2015-03-26,22,9.0,13.0
2015-03-27,13,1.0,12.0
2015-03-29,1,0.0,1.0
2015-03-30,16,6.0,10.0
2015-03-31,21,10.0,11.0
2015-04-01,67,27.0,40.0
2015-04-02,13,4.0,9.0
2015-04-03,4,4.0,0.0
2015-04-04,4,1.0,3.0
2015-04-05,8,2.0,6.0
2015-04-06,20,9.0,11.0
2015-04-07,23,14.0,9.0
2015-04-08,19,8.0,11.0
2015-04-09,18,8.0,10.0
2015-04-10,10,4.0,6.0
2015-04-11,44,20.0,24.0
2015-04-12,102,45.0,57.0
2015-04-13,29,8.0,21.0
2015-04-14,11,5.0,6.0
2015-04-15,27,11.0,16.0
2015-04-16,45,17.0,28.0
2015-04-17,33,13.0,20.0
2015-04-18,11,6.0,5.0
2015-04-19,56,25.0,31.0
2015-04-20,34,18.0,16.0
2015-04-21,34,16.0,18.0
2015-04-22,37,16.0,21.0
2015-04-23,28,11.0,17.0
2015-04-24,25,10.0,15.0
2015-04-25,29,15.0,14.0
2015-04-27,26,13.0,13.0
2015-04-28,9,3.0,6.0
2015-04-29,11,7.0,4.0
2015-04-30,21,6.0,15.0
2015-05-01,41,21.0,20.0
2015-05-02,21,12.0,9.0
2015-05-03,14,12.0,2.0
2015-05-04,22,13.0,9.0
2015-05-05,33,20.0,13.0
2015-05-06,36,16.0,20.0
2015-05-07,10,9.0,1.0
2015-05-08,15,8.0,7.0
2015-05-09,18,9.0,9.0
2015-05-10,10,6.0,4.0
2015-05-11,21,13.0,8.0
2015-05-12,23,12.0,11.0
2015-05-13,24,13.0,11.0
2015-05-14,11,5.0,6.0
2015-05-15,16,10.0,6.0
2015-05-16,18,5.0,13.0
2015-05-17,4,2.0,2.0
2015-05-18,32,18.0,14.0
2015-05-19,27,10.0,17.0
2015-05-20,37,19.0,18.0
2015-05-21,60,29.0,31.0
2015-05-22,14,5.0,9.0
2015-05-23,31,17.0,14.0
2015-05-24,7,2.0,5.0
2015-05-25,11,4.0,7.0
2015-05-26,30,15.0,15.0
2015-05-27,33,16.0,17.0
2015-05-28,46,22.0,24.0
2015-05-29,14,6.0,8.0
2015-05-30,3,1.0,2.0
2015-05-31,25,17.0,8.0
2015-06-01,30,19.0,11.0
2015-06-02,14,6.0,8.0
2015-06-03,15,7.0,8.0
2015-06-04,9,4.0,5.0
2015-06-05,30,15.0,15.0
2015-06-06,16,6.0,10.0
2015-06-07,17,8.0,9.0
2015-06-08,3,2.0,1.0
2015-06-09,9,4.0,5.0
2015-06-10,1,0.0,1.0
2015-06-11,10,2.0,8.0
2015-06-12,38,19.0,19.0
2015-06-13,8,2.0,6.0
2015-06-14,13,10.0,3.0
2015-06-15,16,9.0,7.0
2015-06-16,30,11.0,19.0
2015-06-17,11,2.0,9.0
2015-06-18,6,1.0,5.0
2015-06-19,26,12.0,14.0
2015-06-20,9,2.0,7.0
2015-06-21,18,7.0,11.0
2015-06-22,48,18.0,30.0
2015-06-23,11,6.0,5.0
2015-06-24,14,6.0,8.0
2015-06-25,22,9.0,13.0
2015-06-26,5,1.0,4.0
2015-06-27,13,4.0,9.0
2015-06-28,34,22.0,12.0
2015-06-29,21,8.0,13.0
2015-06-30,32,10.0,22.0
2015-07-01,12,4.0,8.0
2015-07-02,45,18.0,27.0
2015-07-03,50,24.0,26.0
2015-07-04,48,25.0,23.0
2015-07-05,20,5.0,15.0
2015-07-06,12,7.0,5.0
2015-07-07,18,11.0,7.0
2015-07-08,17,7.0,10.0
2015-07-09,36,15.0,21.0
2015-07-10,12,2.0,10.0
2015-07-11,26,15.0,11.0
2015-07-12,6,2.0,4.0
2015-07-13,21,9.0,12.0
2015-07-14,17,7.0,10.0
2015-07-15,12,7.0,5.0
2015-07-16,38,18.0,20.0
2015-07-17,15,3.0,12.0
2015-07-18,32,16.0,16.0
2015-07-19,11,4.0,7.0
2015-07-20,33,18.0,15.0
2015-07-21,57,27.0,30.0
2015-07-22,26,10.0,16.0
2015-07-23,36,19.0,17.0
2015-07-24,28,10.0,18.0
2015-07-25,21,9.0,12.0
2015-07-26,36,18.0,18.0
2015-07-27,40,22.0,18.0
2015-07-28,23,11.0,12.0
2015-07-29,20,10.0,10.0
2015-07-30,14,4.0,10.0
2015-07-31,8,3.0,5.0
2015-08-01,1,0.0,1.0
2015-08-02,2,1.0,1.0
2015-08-03,41,18.0,23.0
2015-08-04,20,7.0,13.0
2015-08-05,19,6.0,13.0
2015-08-06,18,8.0,10.0
2015-08-07,41,15.0,26.0
2015-08-08,9,4.0,5.0
2015-08-09,12,3.0,9.0
2015-08-10,10,3.0,7.0
2015-08-11,15,8.0,7.0
2015-08-12,2,1.0,1.0
2015-08-13,4,3.0,1.0
2015-08-14,1,0.0,1.0
2015-08-15,5,1.0,4.0
2015-08-17,14,4.0,10.0
2015-08-18,11,1.0,10.0
2015-08-19,5,0.0,5.0
2015-08-20,8,4.0,4.0
2015-08-21,14,7.0,7.0
2015-08-22,13,3.0,10.0
2015-08-23,2,2.0,0.0
2015-08-24,11,4.0,7.0
2015-08-25,36,21.0,15.0
2015-08-26,5,2.0,3.0
2015-08-27,4,1.0,3.0
2015-08-28,17,9.0,8.0
2015-08-29,4,1.0,3.0
2015-08-30,3,1.0,2.0
2015-08-31,8,2.0,6.0
2015-09-01,14,5.0,9.0
2015-09-02,17,9.0,8.0
2015-09-03,6,2.0,4.0
2015-09-04,8,2.0,6.0
2015-09-05,11,4.0,7.0
2015-09-06,9,5.0,4.0
2015-09-07,27,17.0,10.0
2015-09-08,12,3.0,9.0
2015-09-09,7,5.0,2.0
2015-09-10,6,2.0,4.0
2015-09-11,12,4.0,8.0
2015-09-12,43,18.0,25.0
2015-09-13,1,0.0,1.0
2015-09-14,9,3.0,6.0
2015-09-15,12,3.0,9.0
2015-09-16,11,4.0,7.0
2015-09-17,9,1.0,8.0
2015-09-18,5,2.0,3.0
2015-09-19,7,1.0,6.0
2015-09-20,5,1.0,4.0
2015-09-21,43,13.0,30.0
2015-09-22,39,20.0,19.0
2015-09-23,12,5.0,7.0
2015-09-24,12,5.0,7.0
2015-09-25,16,7.0,9.0
2015-09-26,15,5.0,10.0
2015-09-28,24,10.0,14.0
2015-09-29,6,3.0,3.0
2015-09-30,11,7.0,4.0
2015-10-01,22,11.0,11.0
2015-10-02,13,4.0,9.0
2015-10-03,23,11.0,12.0
2015-10-04,30,24.0,6.0
2015-10-05,8,2.0,6.0
2015-10-06,40,15.0,25.0
2015-10-07,23,14.0,9.0
2015-10-08,26,13.0,13.0
2015-10-09,23,8.0,15.0
2015-10-10,22,10.0,12.0
2015-10-11,1,0.0,1.0
2015-10-12,12,6.0,6.0
2015-10-13,30,9.0,21.0
2015-10-14,79,34.0,45.0
2015-10-15,14,5.0,9.0
2015-10-16,25,12.0,13.0
2015-10-17,16,9.0,7.0
2015-10-18,63,26.0,37.0
2015-10-19,18,9.0,9.0
2015-10-20,12,3.0,9.0
2015-10-21,31,12.0,19.0
2015-10-22,10,7.0,3.0
2015-10-23,4,2.0,2.0
2015-10-24,18,8.0,10.0
2015-10-25,47,23.0,24.0
2015-10-26,12,7.0,5.0
2015-10-27,18,5.0,13.0
2015-10-28,25,13.0,12.0
2015-10-29,55,18.0,37.0
2015-10-30,13,6.0,7.0
2015-10-31,57,29.0,28.0
2015-11-01,13,4.0,9.0
2015-11-02,22,13.0,9.0
2015-11-03,22,9.0,13.0
2015-11-04,23,12.0,11.0
2015-11-05,11,6.0,5.0
2015-11-06,37,15.0,22.0
2015-11-07,27,11.0,16.0
2015-11-08,36,25.0,11.0
2015-11-09,5,3.0,2.0
2015-11-10,28,13.0,15.0
2015-11-11,11,3.0,8.0
2015-11-12,23,10.0,13.0
2015-11-13,14,4.0,10.0
2015-11-14,10,6.0,4.0
2015-11-15,22,10.0,12.0
2015-11-16,22,6.0,16.0
2015-11-17,15,7.0,8.0
2015-11-18,7,2.0,5.0
2015-11-19,8,5.0,3.0
2015-11-20,27,11.0,16.0
2015-11-21,51,24.0,27.0
2015-11-22,23,11.0,12.0
2015-11-23,12,3.0,9.0
2015-11-24,18,7.0,11.0
2015-11-25,16,5.0,11.0
2015-11-26,16,3.0,13.0
2015-11-27,10,3.0,7.0
2015-11-28,11,5.0,6.0
2015-11-29,15,6.0,9.0
2015-11-30,21,12.0,9.0
2015-12-01,19,10.0,9.0
2015-12-02,22,9.0,13.0
2015-12-03,27,11.0,16.0
2015-12-04,21,9.0,12.0
2015-12-05,16,6.0,10.0
2015-12-06,26,15.0,11.0
2015-12-07,36,17.0,19.0
2015-12-08,19,7.0,12.0
2015-12-09,24,13.0,11.0
2015-12-10,26,12.0,14.0
2015-12-11,21,9.0,12.0
2015-12-12,22,6.0,16.0
2015-12-13,35,19.0,16.0
2015-12-14,13,6.0,7.0
2015-12-15,26,4.0,22.0
2015-12-16,24,8.0,16.0
2015-12-17,7,4.0,3.0
2015-12-18,11,4.0,7.0
2015-12-19,9,7.0,2.0
2015-12-20,14,7.0,7.0
2015-12-21,21,10.0,11.0
2015-12-22,21,10.0,11.0
2015-12-23,18,5.0,13.0
2015-12-24,15,10.0,5.0
2015-12-25,17,7.0,10.0
2015-12-26,5,3.0,2.0
2015-12-27,12,5.0,7.0
2015-12-28,9,4.0,5.0
2015-12-29,14,5.0,9.0
2015-12-30,19,10.0,9.0
2015-12-31,22,12.0,10.0
2016-01-01,14,7.0,7.0
2016-01-02,11,3.0,8.0
2016-01-03,19,11.0,8.0
2016-01-04,4,1.0,3.0
2016-01-05,15,9.0,6.0
2016-01-06,18,7.0,11.0
2016-01-07,14,5.0,9.0
2016-01-08,14,8.0,6.0
2016-01-09,10,2.0,8.0
2016-01-10,13,3.0,10.0
2016-01-11,11,5.0,6.0
2016-01-12,12,5.0,7.0
2016-01-13,15,9.0,6.0
2016-01-14,14,7.0,7.0
2016-01-15,5,4.0,1.0
2016-01-16,22,8.0,14.0
2016-01-17,6,2.0,4.0
2016-01-18,7,0.0,7.0
2016-01-19,17,6.0,11.0
2016-01-20,13,7.0,6.0
2016-01-21,15,11.0,4.0
2016-01-22,31,13.0,18.0
2016-01-23,25,9.0,16.0
2016-01-24,19,6.0,13.0
2016-01-25,23,9.0,14.0
2016-01-26,31,17.0,14.0
2016-01-27,10,4.0,6.0
2016-01-28,33,19.0,14.0
2016-01-29,20,9.0,11.0
2016-01-30,14,7.0,7.0
2016-01-31,17,9.0,8.0
2016-02-01,4,2.0,2.0
2016-02-02,16,4.0,12.0
2016-02-03,15,5.0,10.0
2016-02-04,9,4.0,5.0
2016-02-05,12,7.0,5.0
2016-02-06,20,9.0,11.0
2016-02-07,25,11.0,14.0
2016-02-08,12,5.0,7.0
2016-02-09,15,8.0,7.0
2016-02-10,9,4.0,5.0
2016-02-11,13,5.0,8.0
2016-02-12,19,8.0,11.0
2016-02-13,25,11.0,14.0
2016-02-14,21,9.0,12.0
2016-02-15,9,4.0,5.0
2016-02-16,10,4.0,6.0
2016-02-17,18,12.0,6.0
2016-02-18,13,7.0,6.0
2016-02-19,19,6.0,13.0
2016-02-20,18,8.0,10.0
2016-02-21,10,5.0,5.0
2016-02-22,18,8.0,10.0
2016-02-23,29,17.0,12.0
2016-02-24,21,9.0,12.0
2016-02-25,24,15.0,9.0
2016-02-26,28,11.0,17.0
2016-02-27,19,9.0,10.0
2016-02-28,28,16.0,12.0
2016-02-29,13,5.0,8.0
2016-03-01,12,9.0,3.0
2016-03-02,24,14.0,10.0
2016-03-03,19,10.0,9.0
2016-03-04,13,7.0,6.0
2016-03-05,20,8.0,12.0
2016-03-06,15,9.0,6.0
2016-03-07,14,10.0,4.0
2016-03-08,22,14.0,8.0
2016-03-09,10,8.0,2.0
2016-03-10,1,0.0,1.0
2016-03-11,16,10.0,6.0
2016-03-12,17,6.0,11.0
2016-03-13,11,4.0,7.0
2016-03-14,7,3.0,4.0
2016-03-15,29,14.0,15.0
2016-03-16,26,19.0,7.0
2016-03-17,13,9.0,4.0
2016-03-18,15,9.0,6.0
2016-03-19,26,12.0,14.0
2016-03-20,15,6.0,9.0
2016-03-21,1,0.0,1.0
2016-03-22,13,7.0,6.0
2016-03-23,15,8.0,7.0
2016-03-24,25,10.0,15.0
2016-03-25,1,1.0,0.0
2016-03-26,13,7.0,6.0
2016-03-27,8,3.0,5.0
2016-03-28,11,2.0,9.0
2016-03-29,15,6.0,9.0
2016-03-30,7,5.0,2.0
2016-03-31,7,4.0,3.0
2016-04-01,10,6.0,4.0
2016-04-02,9,4.0,5.0
2016-04-03,13,8.0,5.0
2016-04-04,9,5.0,4.0
2016-04-05,12,9.0,3.0
2016-04-06,1,0.0,1.0
2016-04-07,4,1.0,3.0
2016-04-08,13,4.0,9.0
2016-04-09,13,6.0,7.0
2016-04-10,15,9.0,6.0
2016-04-11,14,5.0,9.0
2016-04-12,5,3.0,2.0
2016-04-13,4,1.0,3.0
2016-04-14,6,4.0,2.0
2016-04-15,3,3.0,0.0
2016-04-16,14,10.0,4.0
2016-04-17,10,5.0,5.0
2016-04-18,5,2.0,3.0
2016-04-19,16,12.0,4.0
2016-04-20,10,7.0,3.0
2016-04-21,7,3.0,4.0
2016-04-22,4,2.0,2.0
2016-04-23,10,7.0,3.0
2016-04-24,8,2.0,6.0
2016-04-25,11,6.0,5.0
2016-04-26,14,10.0,4.0
2016-04-27,15,15.0,0.0
2016-04-28,14,7.0,7.0
2016-04-29,9,5.0,4.0
2016-04-30,6,4.0,2.0
2016-05-01,9,4.0,5.0
2016-05-02,12,6.0,6.0
2016-05-03,12,11.0,1.0
2016-05-04,7,5.0,2.0
2016-05-05,5,3.0,2.0
2016-05-06,15,7.0,8.0
2016-05-07,8,3.0,5.0
2016-05-08,7,3.0,4.0
2016-05-09,20,11.0,9.0
2016-05-10,16,11.0,5.0
2016-05-11,15,9.0,6.0
2016-05-12,2,0.0,2.0
2016-05-13,3,1.0,2.0
2016-05-14,3,2.0,1.0
2016-05-15,14,10.0,4.0
2016-05-16,14,9.0,5.0
2016-05-17,18,10.0,8.0
2016-05-18,45,17.0,28.0
2016-05-19,5,1.0,4.0
2016-05-20,15,5.0,10.0
2016-05-21,10,6.0,4.0
2016-05-22,11,8.0,3.0
2016-05-23,4,3.0,1.0
2016-05-24,10,7.0,3.0
2016-05-25,18,9.0,9.0
2016-05-26,8,6.0,2.0
2016-05-27,5,3.0,2.0
2016-05-28,11,2.0,9.0
2016-05-29,6,2.0,4.0
2016-05-30,13,3.0,10.0
2016-05-31,9,3.0,6.0
2016-06-01,3,0.0,3.0
2016-06-02,21,10.0,11.0
2016-06-03,20,5.0,15.0
2016-06-04,9,4.0,5.0
2016-06-05,3,1.0,2.0
2016-06-06,10,5.0,5.0
2016-06-07,4,2.0,2.0
2016-06-08,18,10.0,8.0
2016-06-09,13,5.0,8.0
2016-06-10,14,6.0,8.0
2016-06-11,11,7.0,4.0
2016-06-12,8,1.0,7.0
2016-06-13,12,4.0,8.0
2016-06-14,7,5.0,2.0
2016-06-15,9,4.0,5.0
2016-06-16,7,3.0,4.0
2016-06-17,12,9.0,3.0
2016-06-18,5,4.0,1.0
2016-06-19,6,5.0,1.0
2016-06-20,2,0.0,2.0
2016-06-21,12,3.0,9.0
2016-06-22,5,0.0,5.0
2016-06-23,18,5.0,13.0
2016-06-24,14,6.0,8.0
2016-06-25,5,2.0,3.0
2016-06-26,17,7.0,10.0
2016-06-27,6,1.0,5.0
2016-06-28,11,3.0,8.0
2016-06-29,9,5.0,4.0
2016-06-30,12,6.0,6.0
2016-07-01,10,3.0,7.0
2016-07-02,14,8.0,6.0
2016-07-03,8,4.0,4.0
2016-07-04,13,5.0,8.0
2016-07-05,5,2.0,3.0
2016-07-06,16,8.0,8.0
2016-07-07,6,3.0,3.0
2016-07-08,6,1.0,5.0
2016-07-09,2,1.0,1.0
2016-07-10,4,2.0,2.0
2016-07-11,4,3.0,1.0
2016-07-12,14,5.0,9.0
2016-07-13,15,5.0,10.0
2016-07-14,6,3.0,3.0
2016-07-15,4,1.0,3.0
2016-07-16,9,3.0,6.0
2016-07-17,17,3.0,14.0
2016-07-18,6,4.0,2.0
2016-07-19,7,2.0,5.0
2016-07-20,9,0.0,9.0
2016-07-21,25,11.0,14.0
2016-07-22,7,4.0,3.0
2016-07-23,16,4.0,12.0
2016-07-24,18,5.0,13.0
2016-07-25,18,12.0,6.0
2016-07-26,18,9.0,9.0
2016-07-27,20,6.0,14.0
2016-07-28,18,9.0,9.0
2016-07-29,30,18.0,12.0
2016-07-30,27,11.0,16.0
2016-07-31,6,4.0,2.0
2016-08-01,22,8.0,14.0
2016-08-02,17,9.0,8.0
2016-08-03,7,2.0,5.0
2016-08-04,5,5.0,0.0
2016-08-05,35,18.0,17.0
2016-08-06,10,6.0,4.0
2016-08-07,7,5.0,2.0
2016-08-08,13,10.0,3.0
2016-08-09,17,5.0,12.0
2016-08-10,15,6.0,9.0
2016-08-11,5,2.0,3.0
2016-08-12,16,9.0,7.0
2016-08-13,8,4.0,4.0
2016-08-14,8,0.0,8.0
2016-08-15,5,2.0,3.0
2016-08-16,4,1.0,3.0
2016-08-17,10,5.0,5.0
2016-08-18,3,1.0,2.0
2016-08-19,8,4.0,4.0
2016-08-20,9,3.0,6.0
2016-08-21,4,2.0,2.0
2016-08-22,13,7.0,6.0
2016-08-23,8,2.0,6.0
2016-08-24,8,3.0,5.0
2016-08-25,10,3.0,7.0
2016-08-26,19,5.0,14.0
2016-08-27,8,3.0,5.0
2016-08-28,9,3.0,6.0
2016-08-29,11,5.0,6.0
2016-08-30,6,5.0,1.0
2016-08-31,5,2.0,3.0
2016-09-01,15,8.0,7.0
2016-09-02,5,2.0,3.0
2016-09-03,5,1.0,4.0
2016-09-04,9,1.0,8.0
2016-09-05,11,4.0,7.0
2016-09-06,10,6.0,4.0
2016-09-07,7,5.0,2.0
2016-09-08,13,2.0,11.0
2016-09-09,10,8.0,2.0
2016-09-10,12,4.0,8.0
2016-09-11,2,1.0,1.0
2016-09-12,3,2.0,1.0
2016-09-13,9,4.0,5.0
2016-09-14,12,9.0,3.0
2016-09-15,15,10.0,5.0
2016-09-16,6,0.0,6.0
2016-09-17,14,6.0,8.0
2016-09-18,3,1.0,2.0
2016-09-19,9,4.0,5.0
2016-09-20,10,5.0,5.0
2016-09-21,7,1.0,6.0
2016-09-22,5,5.0,0.0
2016-09-23,7,2.0,5.0
2016-09-24,7,2.0,5.0
2016-09-25,4,1.0,3.0
2016-09-26,6,0.0,6.0
2016-09-27,51,21.0,30.0
2016-09-28,9,1.0,8.0
2016-09-29,8,6.0,2.0
2016-09-30,12,7.0,5.0
2016-10-01,6,2.0,4.0
2016-10-02,6,4.0,2.0
2016-10-03,3,2.0,1.0
2016-10-04,8,6.0,2.0
2016-10-05,60,31.0,29.0
2016-10-06,13,6.0,7.0
2016-10-07,2,0.0,2.0
2016-10-08,5,3.0,2.0
2016-10-09,13,5.0,8.0
2016-10-10,61,26.0,35.0
2016-10-11,16,4.0,12.0
2016-10-12,8,3.0,5.0
2016-10-13,11,7.0,4.0
2016-10-14,4,1.0,3.0
2016-10-15,13,8.0,5.0
2016-10-16,19,8.0,11.0
2016-10-17,23,8.0,15.0
2016-10-18,13,7.0,6.0
2016-10-19,20,9.0,11.0
2016-10-20,87,34.0,53.0
2016-10-21,12,4.0,8.0
2016-10-22,16,5.0,11.0
2016-10-23,12,6.0,6.0
2016-10-24,18,6.0,12.0
2016-10-25,20,11.0,9.0
2016-10-26,3,2.0,1.0
2016-10-27,20,14.0,6.0
2016-10-28,10,6.0,4.0
2016-10-29,10,4.0,6.0
2016-10-30,9,3.0,6.0
2016-10-31,8,5.0,3.0
2016-11-01,14,6.0,8.0
2016-11-02,14,1.0,13.0
2016-11-03,10,7.0,3.0
2016-11-04,13,8.0,5.0
2016-11-05,9,5.0,4.0
2016-11-06,10,7.0,3.0
2016-11-07,13,3.0,10.0
2016-11-08,17,6.0,11.0
2016-11-09,3,1.0,2.0
2016-11-10,1,1.0,0.0
2016-11-11,5,0.0,5.0
2016-11-12,1,0.0,1.0
2016-11-13,8,1.0,7.0
2016-11-15,2,1.0,1.0
2016-11-16,5,0.0,5.0
2016-11-17,1,0.0,1.0
2016-11-18,3,3.0,0.0
2016-11-19,4,1.0,3.0
2016-11-20,5,1.0,4.0
2016-11-21,1,0.0,1.0
2016-11-22,10,1.0,9.0
2016-11-23,1,0.0,1.0
2016-11-24,3,1.0,2.0
2016-11-26,1,1.0,0.0
2016-11-27,12,4.0,8.0
2016-11-28,3,1.0,2.0
2016-11-29,12,6.0,6.0
2016-11-30,11,2.0,9.0
2016-12-01,4,0.0,4.0
2016-12-02,1,0.0,1.0
2016-12-03,6,2.0,4.0
2016-12-04,11,7.0,4.0
2016-12-05,3,0.0,3.0
2016-12-06,5,2.0,3.0
2016-12-07,4,3.0,1.0
2016-12-08,5,0.0,5.0
2016-12-09,3,1.0,2.0
2016-12-10,9,2.0,7.0
2016-12-11,4,1.0,3.0
2016-12-12,7,4.0,3.0
2016-12-13,8,2.0,6.0
2016-12-14,3,1.0,2.0
2016-12-15,5,2.0,3.0
2016-12-16,4,2.0,2.0
2016-12-17,6,1.0,5.0
2016-12-18,3,1.0,2.0
2016-12-19,2,1.0,1.0
2016-12-20,6,2.0,4.0
2016-12-21,3,0.0,3.0
2016-12-22,5,1.0,4.0
2016-12-23,6,1.0,5.0
2016-12-24,4,1.0,3.0
2016-12-25,2,0.0,2.0
2016-12-26,3,1.0,2.0
2016-12-27,3,0.0,3.0
2016-12-28,5,2.0,3.0
2016-12-29,1,0.0,1.0
2016-12-30,3,2.0,1.0
2016-12-31,3,3.0,0.0
2017-01-01,11,2.0,9.0
2017-01-02,14,2.0,12.0
2017-01-03,20,6.0,14.0
2017-01-04,20,10.0,10.0
2017-01-05,12,6.0,6.0
2017-01-06,24,6.0,18.0
2017-01-07,16,6.0,10.0
2017-01-08,12,4.0,8.0
2017-01-09,16,8.0,8.0
2017-01-10,8,0.0,8.0
2017-01-11,14,6.0,8.0
2017-01-12,12,2.0,10.0
2017-01-13,16,2.0,14.0
2017-01-14,6,6.0,0.0
2017-01-15,16,12.0,4.0
2017-01-16,6,2.0,4.0
2017-01-17,26,12.0,14.0
2017-01-18,16,4.0,12.0
2017-01-19,16,4.0,12.0
2017-01-20,26,2.0,24.0
2017-01-21,6,0.0,6.0
2017-01-22,9,3.0,6.0
2017-01-23,2,2.0,0.0
2017-01-24,8,2.0,6.0
2017-01-25,16,6.0,10.0
2017-01-26,20,8.0,12.0
2017-01-27,14,8.0,6.0
2017-01-28,8,0.0,8.0
2017-01-29,14,12.0,2.0
2017-01-30,14,4.0,10.0
2017-01-31,6,4.0,2.0
2017-02-01,8,4.0,4.0
2017-02-02,16,8.0,8.0
2017-02-03,14,2.0,12.0
2017-02-04,18,4.0,14.0
2017-02-05,10,4.0,6.0
2017-02-06,10,0.0,10.0
2017-02-07,8,2.0,6.0
2017-02-08,22,4.0,18.0
2017-02-09,16,10.0,6.0
2017-02-10,6,2.0,4.0
2017-02-11,16,2.0,14.0
2017-02-12,18,8.0,10.0
2017-02-13,6,2.0,4.0
2017-02-14,12,4.0,8.0
2017-02-15,22,10.0,12.0
2017-02-16,12,4.0,8.0
2017-02-17,14,6.0,8.0
2017-02-18,6,4.0,2.0
2017-02-19,2,0.0,2.0
2017-02-20,6,2.0,4.0
2017-02-21,6,2.0,4.0
2017-02-22,4,0.0,4.0
2017-02-23,2,0.0,2.0
2017-02-24,12,4.0,8.0
2017-02-25,14,4.0,10.0
2017-02-26,8,2.0,6.0
2017-02-27,5,0.0,5.0
2017-02-28,2,2.0,0.0
2017-03-01,6,4.0,2.0
2017-03-02,2,2.0,0.0
2017-03-03,22,14.0,8.0
2017-03-04,14,4.0,10.0
2017-03-05,6,0.0,6.0
2017-03-06,6,2.0,4.0
2017-03-07,16,6.0,10.0
2017-03-08,12,4.0,8.0
2017-03-09,8,2.0,6.0
2017-03-10,6,6.0,0.0
2017-03-11,2,0.0,2.0
2017-03-12,2,0.0,2.0
2017-03-13,10,2.0,8.0
2017-03-14,4,2.0,2.0
2017-03-15,14,10.0,4.0
2017-03-16,14,6.0,8.0
2017-03-17,18,12.0,6.0
2017-03-18,4,0.0,4.0
2017-03-19,2,2.0,0.0
2017-03-20,14,10.0,4.0
2017-03-21,8,4.0,4.0
2017-03-22,2,2.0,0.0
2017-03-23,14,2.0,12.0
2017-03-24,8,2.0,6.0
2017-03-25,8,2.0,6.0
2017-03-26,2,2.0,0.0
2017-03-27,2,0.0,2.0
2017-03-28,20,8.0,12.0
2017-03-29,8,0.0,8.0
2017-03-30,16,6.0,10.0
2017-03-31,16,2.0,14.0
2017-04-01,14,2.0,12.0
2017-04-02,6,2.0,4.0
2017-04-03,16,6.0,10.0
2017-04-04,8,2.0,6.0
2017-04-05,2,0.0,2.0
2017-04-06,4,2.0,2.0
2017-04-07,2,0.0,2.0
2017-04-08,10,2.0,8.0
2017-04-09,4,0.0,4.0
2017-04-10,6,2.0,4.0
2017-04-11,10,6.0,4.0
2017-04-12,12,4.0,8.0
2017-04-13,8,0.0,8.0
2017-04-14,6,2.0,4.0
2017-04-16,11,7.0,4.0
2017-04-17,16,4.0,12.0
2017-04-18,14,2.0,12.0
2017-04-19,8,4.0,4.0
2017-04-20,8,0.0,8.0
2017-04-21,10,4.0,6.0
2017-04-22,20,4.0,16.0
2017-04-23,14,8.0,6.0
2017-04-24,12,4.0,8.0
2017-04-25,10,4.0,6.0
2017-04-26,18,10.0,8.0
2017-04-27,24,12.0,12.0
2017-04-28,8,2.0,6.0
2017-04-29,10,4.0,6.0
2017-04-30,10,4.0,6.0
2017-05-01,4,0.0,4.0
2017-05-02,8,4.0,4.0
2017-05-03,6,2.0,4.0
2017-05-04,20,6.0,14.0
2017-05-05,20,10.0,10.0
2017-05-06,2,0.0,2.0
2017-05-07,12,4.0,8.0
2017-05-08,18,4.0,14.0
2017-05-09,4,2.0,2.0
2017-05-10,22,4.0,18.0
2017-05-11,12,6.0,6.0
2017-05-12,18,8.0,10.0
2017-05-13,6,4.0,2.0
2017-05-14,2,0.0,2.0
2017-05-15,2,0.0,2.0
2017-05-16,12,4.0,8.0
2017-05-17,2,2.0,0.0
2017-05-18,6,2.0,4.0
2017-05-19,6,2.0,4.0
2017-05-20,4,0.0,4.0
2017-05-21,6,2.0,4.0
2017-05-22,4,2.0,2.0
2017-05-23,8,0.0,8.0
2017-05-24,5,0.0,5.0
2017-05-25,8,0.0,8.0
2017-05-26,8,2.0,6.0
2017-05-27,14,4.0,10.0
2017-05-28,16,10.0,6.0
2017-05-29,12,2.0,10.0
2017-05-30,10,6.0,4.0
2017-05-31,16,8.0,8.0
2017-06-01,10,8.0,2.0
2017-06-02,20,8.0,12.0
2017-06-03,8,4.0,4.0
2017-06-04,6,4.0,2.0
2017-06-05,16,6.0,10.0
2017-06-06,20,4.0,16.0
2017-06-07,10,4.0,6.0
2017-06-09,14,0.0,14.0
2017-06-10,4,0.0,4.0
2017-06-11,8,2.0,6.0
2017-06-12,16,6.0,10.0
2017-06-13,20,4.0,16.0
2017-06-14,8,0.0,8.0
2017-06-15,14,0.0,14.0
2017-06-16,14,6.0,8.0
2017-06-17,6,0.0,6.0
2017-06-18,14,4.0,10.0
2017-06-19,20,4.0,16.0
2017-06-20,12,0.0,12.0
2017-06-21,18,6.0,12.0
2017-06-22,26,12.0,14.0
2017-06-23,14,6.0,8.0
2017-06-24,12,10.0,2.0
2017-06-25,4,4.0,0.0
